ID,Start Time,End Time,Which age group do you belong to?,Can you read and understand English texts without translation assistance?,Answer for Comprehension Quiz,How mentally demand was the task?,How hard did you have to work to accomplish your level of performance?,"How insecure, discouraged, irritated, stressed, and annoyed were you?",How difficult was it for you to understand the veterinary treatment decision?,The explanation should be trusted.,The explanation is safe to rely on.,The explanation is reliable.,I am wary of the explanation.,The explanation of why the vet chose this treatment is satisfying.,The explanation of why the vet chose this treatment went into enough detail.,It is clear to me why the vet chose this particular treatment.,"Please share any comments or feedback about your experience reading the ""Summary"" and ""Explanatory Cards"". (Optional)",Reason for why prefer causal explanation?
1,7/24/26 1:32:05,7/24/26 1:35:23,25-34,I can understand only simple English texts,Oral or injected medicine can't reach the ear canal.,4,4,4,4,4,4,4,2,4,4,4,,以感覺
2,7/24/26 2:59:15,7/24/26 3:05:33,35-44,I can understand only simple English texts,A long-acting product wasn't needed for daily home care.,5,5,5,5,4,4,4,4,4,4,4,裡面還是太多專有名詞，希望可以更加白話,-
3,7/24/26 15:35:45,7/24/26 15:57:48,35-44,I can understand only simple English texts,"Without antifungal action, it couldn't clear the yeast.",4,3,4,3,5,4,4,4,5,5,6,,-
4,7/25/26 3:54:18,7/25/26 3:56:41,25-34,I can understand only simple English texts,"Without antifungal action, it couldn't clear the yeast.",7,6,7,3,4,5,5,2,5,5,5,,比較易懂
5,7/24/26 6:43:24,7/24/26 7:46:44,25-34,I can understand only simple English texts,Oral or injected medicine can't reach the ear canal.,7,7,7,5,4,4,4,6,5,5,5,"i know more detail, but i don't understand more, because know more let people think more, and the first one's interface is better than second one. Wish you all the best~",-
6,7/24/26 14:52:32,7/24/26 14:59:45,25-34,I can understand only simple English texts,"Without antifungal action, it couldn't clear the yeast.",4,5,4,4,5,5,5,1,5,5,5,,-
7,7/24/26 8:56:20,7/24/26 9:16:34,35-44,I can understand only simple English texts,"Without a steroid, it couldn't settle the swelling.",4,4,3,3,5,6,5,2,5,5,6,,-
8,7/30/26 15:33:28,7/30/26 15:43:33,25-34,I can understand only simple English texts,Oral or injected medicine can't reach the ear canal in high enough amounts.,6,6,5,5,5,5,4,4,6,5,5,無,我覺得比較清楚、好理解
9,7/24/26 13:34:26,7/24/26 13:35:40,25-34,I can understand only simple English texts,Oral or injected medicine can't reach the ear canal in high enough amounts.,7,7,7,4,4,4,5,5,5,5,6,,-
10,7/25/26 3:05:41,7/25/26 9:19:01,25-34,I can understand only simple English texts,A long-acting product wasn't needed for daily home care.,2,2,3,1,5,4,4,2,3,7,6,有提到症狀以及提供的藥物治療及原因以及使用藥物對於飼主的便利性優點處，但無從得知藥物使用注意須知，ex:使用頻率、劑量以及用藥後觀察病灶改善區間(若藥物使用多久日程後症狀仍未改善之觀察日時)及保存方式,-
11,7/24/26 2:29:26,7/24/26 2:31:48,35-44,"No, I usually need translation assistance","Without antifungal action, it couldn't clear the yeast.",3,4,1,2,7,4,5,2,7,7,7,,-
12,7/24/26 2:27:32,7/24/26 2:42:35,35-44,"No, I usually need translation assistance",A long-acting product wasn't needed for daily home care.,2,2,2,2,3,3,3,3,3,3,3,「Surolan bid 10 days（每日兩次，持續10天）」，不知道是要每天點一次還是點兩次。,治療耳部感染的主要方式是將藥物直接點入耳內。因為雙耳都有灰色耳垢與分泌物，且耳道稍有狹窄和發癢，局部點藥能讓藥物直接到達感染發生的核心部位，進而發揮良好的療效。
13,7/24/26 5:24:19,7/24/26 5:35:38,35-44,"Yes, but I may need occasional assistance","Without antifungal action, it couldn't clear the yeast.",5,5,4,2,6,6,6,2,6,4,6,,-
14,7/24/26 14:52:39,7/24/26 15:13:57,25-34,"Yes, but I may need occasional assistance","Without antifungal action, it couldn't clear the yeast.",3,2,2,1,5,6,6,2,7,7,7,,"在使用藥物的區塊配合名詞解釋的這兩個區塊清楚的解釋了 malassezia 這種細菌造成了什麼前因後果以及搭配的治療方針。
這讓飼主能夠清楚獸醫師做出的決策，也讓飼主針對這種細菌額外查詢更多資料。"
15,7/28/26 12:56:31,7/28/26 12:57:55,25-34,"Yes, but I may need occasional assistance","Without antifungal action, it couldn't clear the yeast.",6,6,6,7,7,7,7,1,6,7,7,,-
16,7/23/26 17:07:49,7/23/26 17:09:14,35-44,"Yes, but I may need occasional assistance",Oral or injected medicine can't reach the ear canal in high enough amounts.,3,3,3,3,4,4,4,4,4,4,4,,-
17,7/24/26 3:20:40,7/24/26 3:22:36,35-44,"Yes, but I may need occasional assistance",Oral or injected medicine can't reach the ear canal in high enough amounts.,3,3,1,1,4,4,5,2,4,5,5,,-
18,7/24/26 14:20:29,7/24/26 14:36:27,18-24,"Yes, but I may need occasional assistance",Oral or injected medicine can't reach the ear canal in high enough amounts.,4,4,3,4,4,3,2,5,4,2,4,主次要作用和可能副作用應可多做說明,-
19,7/24/26 16:37:27,7/24/26 16:39:37,35-44,"Yes, but I may need occasional assistance",Oral or injected medicine can't reach the ear canal in high enough amounts.,4,3,2,2,4,5,5,1,5,4,3,,精準地表達出問題，用比較白話的方式讓非專業人士可以理解
20,7/25/26 6:51:33,7/25/26 7:14:13,25-34,"Yes, but I may need occasional assistance",A long-acting product wasn't needed for daily home care.,4,3,2,2,5,5,5,2,6,6,6,,第一種解釋對一般人更爲淺顯易懂
21,7/26/26 12:28:35,7/26/26 12:30:24,25-34,"Yes, but I may need occasional assistance",Oral or injected medicine can't reach the ear canal in high enough amounts.,3,3,2,3,6,6,6,2,6,6,7,,-
22,7/27/26 6:01:15,7/27/26 6:23:22,25-34,"Yes, English is my first language","Without antifungal action, it couldn't clear the yeast.",1,1,2,3,4,3,4,6,3,2,1,"Reading over only the top sections, it seems ambiguous to me precisely what the ""combination medicine"" is, whether it is a blend of medicine, merely a term i am unaware of, or multiple medications. The summary and cards do not give me a concrete idea of why the vet would prescribe this medication either, i feel i am left to assume.",-
23,7/24/26 4:59:45,7/24/26 5:07:35,18-24,"Yes, English is my first language",Oral or injected medicine can't reach the ear canal.,5,4,5,4,2,3,3,4,2,1,2,,-
24,7/24/26 18:46:32,7/24/26 18:52:15,18-24,"Yes, English is my first language","Without antifungal action, it couldn't clear the yeast.",1,1,1,1,7,7,7,2,7,7,7,,直接
25,7/25/26 1:30:02,7/25/26 1:42:48,25-34,"Yes, English is my first language",Oral or injected medicine can't reach the ear canal in high enough amounts.,2,2,2,2,4,4,4,4,5,4,5,,-
26,7/26/26 1:52:42,7/26/26 1:57:57,25-34,"Yes, English is my first language","Without a steroid, it couldn't settle the swelling.",2,2,1,1,6,6,6,1,6,6,6,Still very easy,-
27,7/27/26 22:19:52,7/27/26 22:22:15,18-24,"Yes, English is my first language",Oral or injected medicine can't reach the ear canal in high enough amounts.,4,5,3,5,3,5,4,3,4,5,4,None,-
28,7/28/26 9:57:36,7/28/26 10:03:06,18-24,"Yes, English is my first language",Oral or injected medicine can't reach the ear canal in high enough amounts.,3,3,3,2,6,6,6,2,5,6,7,"Still makes sense, bit easier to understand, less technical",-
29,7/24/26 14:43:05,7/24/26 14:54:15,25-34,"Yes, English is my first language",Oral or injected medicine can't reach the ear canal in high enough amounts.,5,5,2,1,4,5,5,4,5,6,5,,-
30,7/25/26 4:54:22,7/25/26 4:57:06,55+,"Yes, English is my first language",Oral or injected medicine can't reach the ear canal in high enough amounts.,3,2,1,1,6,6,6,1,7,7,7,,"I read very quickly, and I picked this one up more easily "
31,7/24/26 11:21:45,7/24/26 11:30:29,18-24,"Yes, I can understand most English texts and articles",A long-acting product wasn't needed for daily home care.,6,6,7,7,3,3,3,6,2,2,3,,"The second one was more concise. It felt there was less technical terminology to understand and the language used felt more appropriate when reading. The fact it was shorter paragraphs also makes it less daunting, the longer the paragraph the more worry about things being wrong"
32,7/28/26 16:39:35,7/28/26 16:49:45,25-34,"Yes, I can understand most English texts and articles","Without antifungal action, it couldn't clear the yeast.",4,3,5,3,5,5,4,3,5,2,5,I feel conflicted and sense unreliability in this maybe because I found the earlier one to be more details or I could have developed a bias for that subconsiously,-
33,7/24/26 9:54:15,7/24/26 10:26:22,18-24,"Yes, I can understand most English texts and articles",Oral or injected medicine can't reach the ear canal.,2,2,2,4,7,7,7,1,7,7,7,"What the Vet wrote 可能是由醫生親自撰寫, 所以閱讀上不那麼直觀, 醫生請加油",-
34,7/24/26 6:53:55,7/24/26 6:54:25,18-24,"Yes, I can understand most English texts and articles",Oral or injected medicine can't reach the ear canal.,2,1,1,1,7,7,7,7,7,7,7,,-
35,7/24/26 19:11:57,7/24/26 19:16:45,25-34,"Yes, I can understand most English texts and articles","Without a steroid, it couldn't settle the swelling.",5,5,4,5,5,6,5,5,4,5,5,,-
36,7/24/26 3:16:21,7/24/26 3:29:53,25-34,"Yes, I can understand most English texts and articles",Oral or injected medicine can't reach the ear canal in high enough amounts.,5,5,6,6,5,5,4,5,4,4,3,,-
37,7/24/26 3:53:15,7/24/26 3:58:57,18-24,"Yes, I can understand most English texts and articles",Oral or injected medicine can't reach the ear canal in high enough amounts.,4,3,2,2,6,6,6,6,6,6,6,,因為直接提到毛小孩的名字跟飼主可以做什麼事
38,7/24/26 18:01:25,7/24/26 18:08:46,25-34,"Yes, I can understand most English texts and articles",Oral or injected medicine can't reach the ear canal in high enough amounts.,1,1,1,1,7,5,5,2,6,6,6,,較為直觀，且帶有行為敘述，能協助新手或初次遇見寵物耳癬的飼主更好理解處遇方法與成因
39,7/27/26 4:01:47,7/27/26 4:24:40,35-44,"Yes, I can understand most English texts and articles",Oral or injected medicine can't reach the ear canal in high enough amounts.,1,1,1,1,5,5,5,4,5,5,5,,說明比較直接
40,7/27/26 4:44:35,7/27/26 4:57:18,25-34,"Yes, I can understand most English texts and articles",Oral or injected medicine can't reach the ear canal in high enough amounts.,3,3,3,3,4,4,4,4,4,4,4,,-
41,7/27/26 6:23:39,7/27/26 7:00:41,25-34,"Yes, I can understand most English texts and articles",A long-acting product wasn't needed for daily home care.,5,5,5,5,4,4,4,4,4,4,4,,More straightforward 
42,2008/1/26 08:52,2008/1/26 08:53,18-24,"Yes, I can understand most English texts and articles","Without antifungal action, it couldn't clear the yeast.",5,5,6,5,7,7,7,4,4,4,7,,"There is not big difference for me actually. however, if there was any images or videos, it would be helpful to imagine how to treat a pet."
